SKU,Product_Name,Category,Current_Stock,avg_daily_demand,days_of_stock,Lead_Time_Days,Reorder_Point,Risk_Status
SKU001,Product 001,Furniture,771,14.374110953058322,53.638099950519546,4,289,Overstock Risk
SKU002,Product 002,Home Decor,526,10.16927453769559,51.72443698419359,3,149,Overstock Risk
SKU003,Product 003,Kitchen,349,5.790896159317212,60.26701056251535,3,123,Overstock Risk
SKU004,Product 004,Lighting,259,4.627311522048364,55.97202582231786,6,196,Overstock Risk
SKU005,Product 005,Storage,471,16.72972972972973,28.153473344103393,6,245,Overstock Risk
SKU006,Product 006,Furniture,359,6.588904694167852,54.48553540587219,13,340,Overstock Risk
SKU007,Product 007,Home Decor,207,24.770981507823613,8.35655219937981,8,237,Healthy
SKU008,Product 008,Kitchen,325,16.304409672830726,19.93325772116559,3,161,Overstock Risk
SKU009,Product 009,Lighting,75,10.726884779516359,6.9917782787428715,7,131,Stockout Risk
SKU010,Product 010,Storage,83,17.086770981507822,4.857559107559108,13,60,Stockout Risk
SKU011,Product 011,Furniture,753,2.685633001422475,280.38082627118644,3,247,Overstock Risk
SKU012,Product 012,Home Decor,47,26.09815078236131,1.8008938791083011,12,58,Stockout Risk
SKU013,Product 013,Kitchen,151,14.064011379800853,10.736623849499344,4,61,Healthy
SKU014,Product 014,Lighting,309,21.62162162162162,14.29125,10,299,Healthy
SKU015,Product 015,Storage,187,4.089615931721195,45.725565217391306,9,265,Overstock Risk
SKU016,Product 016,Furniture,255,13.893314366998577,18.35415173543565,11,129,Healthy
SKU017,Product 017,Home Decor,95,14.258890469416786,6.6625099760574615,12,274,Stockout Risk
SKU018,Product 018,Kitchen,235,25.26031294452347,9.303130983218832,8,184,Healthy
SKU019,Product 019,Lighting,227,16.183499288762448,14.026632679968356,14,126,Healthy
SKU020,Product 020,Storage,1002,13.871977240398293,72.23195242001641,3,227,Overstock Risk
SKU021,Product 021,Furniture,88,8.566145092460882,10.272999003653272,9,88,Healthy
SKU022,Product 022,Home Decor,95,10.152204836415363,9.357573210032227,8,163,Healthy
SKU023,Product 023,Kitchen,130,14.864864864864865,8.745454545454546,12,148,Stockout Risk
SKU024,Product 024,Lighting,341,13.085348506401138,26.059680400043483,14,259,Healthy
SKU025,Product 025,Storage,1124,2.7041251778093884,415.6612309310889,14,582,Overstock Risk
SKU026,Product 026,Furniture,160,22.633001422475107,7.069323109798253,5,59,Healthy
SKU027,Product 027,Home Decor,567,24.281650071123757,23.350966608084356,3,133,Overstock Risk
SKU028,Product 028,Kitchen,174,5.634423897581792,30.88159555667761,11,337,Healthy
SKU029,Product 029,Lighting,261,15.802275960170697,16.516608155549555,5,329,Healthy
SKU030,Product 030,Storage,166,4.782361308677098,34.710886377156456,9,104,Healthy
SKU031,Product 031,Furniture,93,18.769559032716927,4.954831375521031,13,113,Stockout Risk
SKU032,Product 032,Home Decor,278,9.331436699857752,29.791768292682928,11,185,Healthy
SKU033,Product 033,Kitchen,208,18.09103840682788,11.497405252398176,12,183,Stockout Risk
SKU034,Product 034,Lighting,34,20.186344238975817,1.6843069551123953,5,58,Stockout Risk
SKU035,Product 035,Storage,670,21.285917496443812,31.476209569633788,8,304,Healthy
SKU036,Product 036,Furniture,383,4.802275960170697,79.75385071090048,3,129,Overstock Risk
SKU037,Product 037,Home Decor,355,24.854907539118066,14.282893607279803,8,644,Healthy
SKU038,Product 038,Kitchen,159,7.738264580369844,20.547242647058823,12,175,Healthy
SKU039,Product 039,Lighting,93,3.1635846372688476,29.39703237410072,3,31,Overstock Risk
SKU040,Product 040,Storage,67,15.620199146514937,4.289317912758401,9,93,Stockout Risk
SKU041,Product 041,Furniture,440,11.16927453769559,39.39378502292409,4,139,Overstock Risk
SKU042,Product 042,Home Decor,90,22.7624466571835,3.953880764904387,6,88,Stockout Risk
SKU043,Product 043,Kitchen,559,22.29302987197724,25.075102092904544,12,393,Healthy
SKU044,Product 044,Lighting,223,9.759601706970129,22.84929310596123,5,93,Overstock Risk
SKU045,Product 045,Storage,307,25.541963015647227,12.019436400089106,4,142,Healthy
SKU046,Product 046,Furniture,119,9.318634423897581,12.770111433368951,4,96,Healthy
SKU047,Product 047,Home Decor,201,14.859174964438122,13.52699597932223,9,99,Healthy
SKU048,Product 048,Kitchen,106,8.469416785206258,12.515619751427613,3,31,Overstock Risk
SKU049,Product 049,Lighting,780,25.110953058321478,31.06214241205461,5,344,Overstock Risk
SKU050,Product 050,Storage,328,6.238975817923186,52.572731418148656,14,316,Healthy
