Date,SKU,Predicted_Demand,Product_Name,Category
2026-01-01,SKU001,13,Product 001,Furniture
2026-01-02,SKU001,13,Product 001,Furniture
2026-01-03,SKU001,15,Product 001,Furniture
2026-01-04,SKU001,16,Product 001,Furniture
2026-01-05,SKU001,12,Product 001,Furniture
2026-01-06,SKU001,12,Product 001,Furniture
2026-01-07,SKU001,12,Product 001,Furniture
2026-01-08,SKU001,12,Product 001,Furniture
2026-01-09,SKU001,12,Product 001,Furniture
2026-01-10,SKU001,14,Product 001,Furniture
2026-01-11,SKU001,14,Product 001,Furniture
2026-01-12,SKU001,12,Product 001,Furniture
2026-01-13,SKU001,12,Product 001,Furniture
2026-01-14,SKU001,12,Product 001,Furniture
2026-01-15,SKU001,12,Product 001,Furniture
2026-01-16,SKU001,13,Product 001,Furniture
2026-01-17,SKU001,14,Product 001,Furniture
2026-01-18,SKU001,15,Product 001,Furniture
2026-01-19,SKU001,12,Product 001,Furniture
2026-01-20,SKU001,12,Product 001,Furniture
2026-01-21,SKU001,12,Product 001,Furniture
2026-01-22,SKU001,12,Product 001,Furniture
2026-01-23,SKU001,12,Product 001,Furniture
2026-01-24,SKU001,15,Product 001,Furniture
2026-01-25,SKU001,14,Product 001,Furniture
2026-01-26,SKU001,13,Product 001,Furniture
2026-01-27,SKU001,12,Product 001,Furniture
2026-01-28,SKU001,13,Product 001,Furniture
2026-01-29,SKU001,13,Product 001,Furniture
2026-01-30,SKU001,13,Product 001,Furniture
2026-01-01,SKU002,8,Product 002,Home Decor
2026-01-02,SKU002,8,Product 002,Home Decor
2026-01-03,SKU002,11,Product 002,Home Decor
2026-01-04,SKU002,11,Product 002,Home Decor
2026-01-05,SKU002,8,Product 002,Home Decor
2026-01-06,SKU002,8,Product 002,Home Decor
2026-01-07,SKU002,9,Product 002,Home Decor
2026-01-08,SKU002,9,Product 002,Home Decor
2026-01-09,SKU002,9,Product 002,Home Decor
2026-01-10,SKU002,11,Product 002,Home Decor
2026-01-11,SKU002,10,Product 002,Home Decor
2026-01-12,SKU002,8,Product 002,Home Decor
2026-01-13,SKU002,9,Product 002,Home Decor
2026-01-14,SKU002,8,Product 002,Home Decor
2026-01-15,SKU002,9,Product 002,Home Decor
2026-01-16,SKU002,9,Product 002,Home Decor
2026-01-17,SKU002,12,Product 002,Home Decor
2026-01-18,SKU002,12,Product 002,Home Decor
2026-01-19,SKU002,9,Product 002,Home Decor
2026-01-20,SKU002,10,Product 002,Home Decor
2026-01-21,SKU002,10,Product 002,Home Decor
2026-01-22,SKU002,10,Product 002,Home Decor
2026-01-23,SKU002,10,Product 002,Home Decor
2026-01-24,SKU002,9,Product 002,Home Decor
2026-01-25,SKU002,10,Product 002,Home Decor
2026-01-26,SKU002,9,Product 002,Home Decor
2026-01-27,SKU002,10,Product 002,Home Decor
2026-01-28,SKU002,10,Product 002,Home Decor
2026-01-29,SKU002,10,Product 002,Home Decor
2026-01-30,SKU002,11,Product 002,Home Decor
2026-01-01,SKU003,5,Product 003,Kitchen
2026-01-02,SKU003,5,Product 003,Kitchen
2026-01-03,SKU003,7,Product 003,Kitchen
2026-01-04,SKU003,5,Product 003,Kitchen
2026-01-05,SKU003,4,Product 003,Kitchen
2026-01-06,SKU003,5,Product 003,Kitchen
2026-01-07,SKU003,5,Product 003,Kitchen
2026-01-08,SKU003,5,Product 003,Kitchen
2026-01-09,SKU003,5,Product 003,Kitchen
2026-01-10,SKU003,5,Product 003,Kitchen
2026-01-11,SKU003,5,Product 003,Kitchen
2026-01-12,SKU003,4,Product 003,Kitchen
2026-01-13,SKU003,5,Product 003,Kitchen
2026-01-14,SKU003,5,Product 003,Kitchen
2026-01-15,SKU003,5,Product 003,Kitchen
2026-01-16,SKU003,5,Product 003,Kitchen
2026-01-17,SKU003,5,Product 003,Kitchen
2026-01-18,SKU003,5,Product 003,Kitchen
2026-01-19,SKU003,5,Product 003,Kitchen
2026-01-20,SKU003,5,Product 003,Kitchen
2026-01-21,SKU003,5,Product 003,Kitchen
2026-01-22,SKU003,5,Product 003,Kitchen
2026-01-23,SKU003,5,Product 003,Kitchen
2026-01-24,SKU003,5,Product 003,Kitchen
2026-01-25,SKU003,5,Product 003,Kitchen
2026-01-26,SKU003,5,Product 003,Kitchen
2026-01-27,SKU003,5,Product 003,Kitchen
2026-01-28,SKU003,5,Product 003,Kitchen
2026-01-29,SKU003,5,Product 003,Kitchen
2026-01-30,SKU003,5,Product 003,Kitchen
2026-01-01,SKU004,5,Product 004,Lighting
2026-01-02,SKU004,6,Product 004,Lighting
2026-01-03,SKU004,5,Product 004,Lighting
2026-01-04,SKU004,5,Product 004,Lighting
2026-01-05,SKU004,5,Product 004,Lighting
2026-01-06,SKU004,5,Product 004,Lighting
2026-01-07,SKU004,5,Product 004,Lighting
2026-01-08,SKU004,5,Product 004,Lighting
2026-01-09,SKU004,5,Product 004,Lighting
2026-01-10,SKU004,5,Product 004,Lighting
2026-01-11,SKU004,5,Product 004,Lighting
2026-01-12,SKU004,4,Product 004,Lighting
2026-01-13,SKU004,4,Product 004,Lighting
2026-01-14,SKU004,5,Product 004,Lighting
2026-01-15,SKU004,5,Product 004,Lighting
2026-01-16,SKU004,5,Product 004,Lighting
2026-01-17,SKU004,5,Product 004,Lighting
2026-01-18,SKU004,5,Product 004,Lighting
2026-01-19,SKU004,5,Product 004,Lighting
2026-01-20,SKU004,5,Product 004,Lighting
2026-01-21,SKU004,5,Product 004,Lighting
2026-01-22,SKU004,5,Product 004,Lighting
2026-01-23,SKU004,5,Product 004,Lighting
2026-01-24,SKU004,5,Product 004,Lighting
2026-01-25,SKU004,5,Product 004,Lighting
2026-01-26,SKU004,4,Product 004,Lighting
2026-01-27,SKU004,5,Product 004,Lighting
2026-01-28,SKU004,5,Product 004,Lighting
2026-01-29,SKU004,5,Product 004,Lighting
2026-01-30,SKU004,5,Product 004,Lighting
2026-01-01,SKU005,16,Product 005,Storage
2026-01-02,SKU005,16,Product 005,Storage
2026-01-03,SKU005,18,Product 005,Storage
2026-01-04,SKU005,19,Product 005,Storage
2026-01-05,SKU005,15,Product 005,Storage
2026-01-06,SKU005,16,Product 005,Storage
2026-01-07,SKU005,16,Product 005,Storage
2026-01-08,SKU005,16,Product 005,Storage
2026-01-09,SKU005,16,Product 005,Storage
2026-01-10,SKU005,18,Product 005,Storage
2026-01-11,SKU005,18,Product 005,Storage
2026-01-12,SKU005,15,Product 005,Storage
2026-01-13,SKU005,16,Product 005,Storage
2026-01-14,SKU005,16,Product 005,Storage
2026-01-15,SKU005,16,Product 005,Storage
2026-01-16,SKU005,17,Product 005,Storage
2026-01-17,SKU005,18,Product 005,Storage
2026-01-18,SKU005,18,Product 005,Storage
2026-01-19,SKU005,16,Product 005,Storage
2026-01-20,SKU005,16,Product 005,Storage
2026-01-21,SKU005,16,Product 005,Storage
2026-01-22,SKU005,16,Product 005,Storage
2026-01-23,SKU005,17,Product 005,Storage
2026-01-24,SKU005,19,Product 005,Storage
2026-01-25,SKU005,19,Product 005,Storage
2026-01-26,SKU005,16,Product 005,Storage
2026-01-27,SKU005,16,Product 005,Storage
2026-01-28,SKU005,17,Product 005,Storage
2026-01-29,SKU005,16,Product 005,Storage
2026-01-30,SKU005,16,Product 005,Storage
2026-01-01,SKU006,7,Product 006,Furniture
2026-01-02,SKU006,7,Product 006,Furniture
2026-01-03,SKU006,7,Product 006,Furniture
2026-01-04,SKU006,6,Product 006,Furniture
2026-01-05,SKU006,7,Product 006,Furniture
2026-01-06,SKU006,7,Product 006,Furniture
2026-01-07,SKU006,6,Product 006,Furniture
2026-01-08,SKU006,7,Product 006,Furniture
2026-01-09,SKU006,6,Product 006,Furniture
2026-01-10,SKU006,8,Product 006,Furniture
2026-01-11,SKU006,7,Product 006,Furniture
2026-01-12,SKU006,6,Product 006,Furniture
2026-01-13,SKU006,6,Product 006,Furniture
2026-01-14,SKU006,7,Product 006,Furniture
2026-01-15,SKU006,7,Product 006,Furniture
2026-01-16,SKU006,7,Product 006,Furniture
2026-01-17,SKU006,7,Product 006,Furniture
2026-01-18,SKU006,7,Product 006,Furniture
2026-01-19,SKU006,7,Product 006,Furniture
2026-01-20,SKU006,7,Product 006,Furniture
2026-01-21,SKU006,7,Product 006,Furniture
2026-01-22,SKU006,7,Product 006,Furniture
2026-01-23,SKU006,7,Product 006,Furniture
2026-01-24,SKU006,7,Product 006,Furniture
2026-01-25,SKU006,6,Product 006,Furniture
2026-01-26,SKU006,7,Product 006,Furniture
2026-01-27,SKU006,7,Product 006,Furniture
2026-01-28,SKU006,7,Product 006,Furniture
2026-01-29,SKU006,7,Product 006,Furniture
2026-01-30,SKU006,7,Product 006,Furniture
2026-01-01,SKU007,22,Product 007,Home Decor
2026-01-02,SKU007,22,Product 007,Home Decor
2026-01-03,SKU007,26,Product 007,Home Decor
2026-01-04,SKU007,26,Product 007,Home Decor
2026-01-05,SKU007,23,Product 007,Home Decor
2026-01-06,SKU007,24,Product 007,Home Decor
2026-01-07,SKU007,22,Product 007,Home Decor
2026-01-08,SKU007,23,Product 007,Home Decor
2026-01-09,SKU007,23,Product 007,Home Decor
2026-01-10,SKU007,26,Product 007,Home Decor
2026-01-11,SKU007,26,Product 007,Home Decor
2026-01-12,SKU007,23,Product 007,Home Decor
2026-01-13,SKU007,23,Product 007,Home Decor
2026-01-14,SKU007,23,Product 007,Home Decor
2026-01-15,SKU007,23,Product 007,Home Decor
2026-01-16,SKU007,23,Product 007,Home Decor
2026-01-17,SKU007,27,Product 007,Home Decor
2026-01-18,SKU007,26,Product 007,Home Decor
2026-01-19,SKU007,23,Product 007,Home Decor
2026-01-20,SKU007,23,Product 007,Home Decor
2026-01-21,SKU007,23,Product 007,Home Decor
2026-01-22,SKU007,24,Product 007,Home Decor
2026-01-23,SKU007,24,Product 007,Home Decor
2026-01-24,SKU007,27,Product 007,Home Decor
2026-01-25,SKU007,26,Product 007,Home Decor
2026-01-26,SKU007,24,Product 007,Home Decor
2026-01-27,SKU007,24,Product 007,Home Decor
2026-01-28,SKU007,24,Product 007,Home Decor
2026-01-29,SKU007,24,Product 007,Home Decor
2026-01-30,SKU007,24,Product 007,Home Decor
2026-01-01,SKU008,15,Product 008,Kitchen
2026-01-02,SKU008,16,Product 008,Kitchen
2026-01-03,SKU008,18,Product 008,Kitchen
2026-01-04,SKU008,18,Product 008,Kitchen
2026-01-05,SKU008,14,Product 008,Kitchen
2026-01-06,SKU008,15,Product 008,Kitchen
2026-01-07,SKU008,15,Product 008,Kitchen
2026-01-08,SKU008,16,Product 008,Kitchen
2026-01-09,SKU008,16,Product 008,Kitchen
2026-01-10,SKU008,18,Product 008,Kitchen
2026-01-11,SKU008,18,Product 008,Kitchen
2026-01-12,SKU008,15,Product 008,Kitchen
2026-01-13,SKU008,15,Product 008,Kitchen
2026-01-14,SKU008,15,Product 008,Kitchen
2026-01-15,SKU008,16,Product 008,Kitchen
2026-01-16,SKU008,16,Product 008,Kitchen
2026-01-17,SKU008,18,Product 008,Kitchen
2026-01-18,SKU008,18,Product 008,Kitchen
2026-01-19,SKU008,15,Product 008,Kitchen
2026-01-20,SKU008,15,Product 008,Kitchen
2026-01-21,SKU008,16,Product 008,Kitchen
2026-01-22,SKU008,16,Product 008,Kitchen
2026-01-23,SKU008,16,Product 008,Kitchen
2026-01-24,SKU008,18,Product 008,Kitchen
2026-01-25,SKU008,18,Product 008,Kitchen
2026-01-26,SKU008,15,Product 008,Kitchen
2026-01-27,SKU008,16,Product 008,Kitchen
2026-01-28,SKU008,16,Product 008,Kitchen
2026-01-29,SKU008,16,Product 008,Kitchen
2026-01-30,SKU008,16,Product 008,Kitchen
2026-01-01,SKU009,11,Product 009,Lighting
2026-01-02,SKU009,11,Product 009,Lighting
2026-01-03,SKU009,13,Product 009,Lighting
2026-01-04,SKU009,12,Product 009,Lighting
2026-01-05,SKU009,11,Product 009,Lighting
2026-01-06,SKU009,13,Product 009,Lighting
2026-01-07,SKU009,11,Product 009,Lighting
2026-01-08,SKU009,11,Product 009,Lighting
2026-01-09,SKU009,11,Product 009,Lighting
2026-01-10,SKU009,11,Product 009,Lighting
2026-01-11,SKU009,11,Product 009,Lighting
2026-01-12,SKU009,11,Product 009,Lighting
2026-01-13,SKU009,11,Product 009,Lighting
2026-01-14,SKU009,11,Product 009,Lighting
2026-01-15,SKU009,11,Product 009,Lighting
2026-01-16,SKU009,11,Product 009,Lighting
2026-01-17,SKU009,11,Product 009,Lighting
2026-01-18,SKU009,11,Product 009,Lighting
2026-01-19,SKU009,11,Product 009,Lighting
2026-01-20,SKU009,11,Product 009,Lighting
2026-01-21,SKU009,11,Product 009,Lighting
2026-01-22,SKU009,12,Product 009,Lighting
2026-01-23,SKU009,12,Product 009,Lighting
2026-01-24,SKU009,13,Product 009,Lighting
2026-01-25,SKU009,13,Product 009,Lighting
2026-01-26,SKU009,12,Product 009,Lighting
2026-01-27,SKU009,11,Product 009,Lighting
2026-01-28,SKU009,11,Product 009,Lighting
2026-01-29,SKU009,11,Product 009,Lighting
2026-01-30,SKU009,11,Product 009,Lighting
2026-01-01,SKU010,16,Product 010,Storage
2026-01-02,SKU010,17,Product 010,Storage
2026-01-03,SKU010,17,Product 010,Storage
2026-01-04,SKU010,18,Product 010,Storage
2026-01-05,SKU010,15,Product 010,Storage
2026-01-06,SKU010,15,Product 010,Storage
2026-01-07,SKU010,16,Product 010,Storage
2026-01-08,SKU010,17,Product 010,Storage
2026-01-09,SKU010,17,Product 010,Storage
2026-01-10,SKU010,18,Product 010,Storage
2026-01-11,SKU010,17,Product 010,Storage
2026-01-12,SKU010,15,Product 010,Storage
2026-01-13,SKU010,16,Product 010,Storage
2026-01-14,SKU010,16,Product 010,Storage
2026-01-15,SKU010,17,Product 010,Storage
2026-01-16,SKU010,17,Product 010,Storage
2026-01-17,SKU010,16,Product 010,Storage
2026-01-18,SKU010,17,Product 010,Storage
2026-01-19,SKU010,15,Product 010,Storage
2026-01-20,SKU010,17,Product 010,Storage
2026-01-21,SKU010,16,Product 010,Storage
2026-01-22,SKU010,18,Product 010,Storage
2026-01-23,SKU010,16,Product 010,Storage
2026-01-24,SKU010,16,Product 010,Storage
2026-01-25,SKU010,17,Product 010,Storage
2026-01-26,SKU010,15,Product 010,Storage
2026-01-27,SKU010,16,Product 010,Storage
2026-01-28,SKU010,16,Product 010,Storage
2026-01-29,SKU010,16,Product 010,Storage
2026-01-30,SKU010,16,Product 010,Storage
2026-01-01,SKU011,3,Product 011,Furniture
2026-01-02,SKU011,3,Product 011,Furniture
2026-01-03,SKU011,3,Product 011,Furniture
2026-01-04,SKU011,3,Product 011,Furniture
2026-01-05,SKU011,2,Product 011,Furniture
2026-01-06,SKU011,3,Product 011,Furniture
2026-01-07,SKU011,3,Product 011,Furniture
2026-01-08,SKU011,3,Product 011,Furniture
2026-01-09,SKU011,3,Product 011,Furniture
2026-01-10,SKU011,4,Product 011,Furniture
2026-01-11,SKU011,3,Product 011,Furniture
2026-01-12,SKU011,2,Product 011,Furniture
2026-01-13,SKU011,3,Product 011,Furniture
2026-01-14,SKU011,3,Product 011,Furniture
2026-01-15,SKU011,3,Product 011,Furniture
2026-01-16,SKU011,3,Product 011,Furniture
2026-01-17,SKU011,4,Product 011,Furniture
2026-01-18,SKU011,3,Product 011,Furniture
2026-01-19,SKU011,2,Product 011,Furniture
2026-01-20,SKU011,3,Product 011,Furniture
2026-01-21,SKU011,3,Product 011,Furniture
2026-01-22,SKU011,3,Product 011,Furniture
2026-01-23,SKU011,3,Product 011,Furniture
2026-01-24,SKU011,3,Product 011,Furniture
2026-01-25,SKU011,3,Product 011,Furniture
2026-01-26,SKU011,2,Product 011,Furniture
2026-01-27,SKU011,3,Product 011,Furniture
2026-01-28,SKU011,3,Product 011,Furniture
2026-01-29,SKU011,3,Product 011,Furniture
2026-01-30,SKU011,3,Product 011,Furniture
2026-01-01,SKU012,23,Product 012,Home Decor
2026-01-02,SKU012,23,Product 012,Home Decor
2026-01-03,SKU012,25,Product 012,Home Decor
2026-01-04,SKU012,25,Product 012,Home Decor
2026-01-05,SKU012,23,Product 012,Home Decor
2026-01-06,SKU012,23,Product 012,Home Decor
2026-01-07,SKU012,23,Product 012,Home Decor
2026-01-08,SKU012,24,Product 012,Home Decor
2026-01-09,SKU012,24,Product 012,Home Decor
2026-01-10,SKU012,26,Product 012,Home Decor
2026-01-11,SKU012,26,Product 012,Home Decor
2026-01-12,SKU012,24,Product 012,Home Decor
2026-01-13,SKU012,24,Product 012,Home Decor
2026-01-14,SKU012,24,Product 012,Home Decor
2026-01-15,SKU012,24,Product 012,Home Decor
2026-01-16,SKU012,25,Product 012,Home Decor
2026-01-17,SKU012,26,Product 012,Home Decor
2026-01-18,SKU012,26,Product 012,Home Decor
2026-01-19,SKU012,24,Product 012,Home Decor
2026-01-20,SKU012,24,Product 012,Home Decor
2026-01-21,SKU012,24,Product 012,Home Decor
2026-01-22,SKU012,24,Product 012,Home Decor
2026-01-23,SKU012,24,Product 012,Home Decor
2026-01-24,SKU012,26,Product 012,Home Decor
2026-01-25,SKU012,26,Product 012,Home Decor
2026-01-26,SKU012,24,Product 012,Home Decor
2026-01-27,SKU012,24,Product 012,Home Decor
2026-01-28,SKU012,24,Product 012,Home Decor
2026-01-29,SKU012,24,Product 012,Home Decor
2026-01-30,SKU012,24,Product 012,Home Decor
2026-01-01,SKU013,15,Product 013,Kitchen
2026-01-02,SKU013,13,Product 013,Kitchen
2026-01-03,SKU013,14,Product 013,Kitchen
2026-01-04,SKU013,15,Product 013,Kitchen
2026-01-05,SKU013,13,Product 013,Kitchen
2026-01-06,SKU013,12,Product 013,Kitchen
2026-01-07,SKU013,13,Product 013,Kitchen
2026-01-08,SKU013,13,Product 013,Kitchen
2026-01-09,SKU013,14,Product 013,Kitchen
2026-01-10,SKU013,14,Product 013,Kitchen
2026-01-11,SKU013,14,Product 013,Kitchen
2026-01-12,SKU013,12,Product 013,Kitchen
2026-01-13,SKU013,12,Product 013,Kitchen
2026-01-14,SKU013,13,Product 013,Kitchen
2026-01-15,SKU013,13,Product 013,Kitchen
2026-01-16,SKU013,13,Product 013,Kitchen
2026-01-17,SKU013,14,Product 013,Kitchen
2026-01-18,SKU013,15,Product 013,Kitchen
2026-01-19,SKU013,12,Product 013,Kitchen
2026-01-20,SKU013,12,Product 013,Kitchen
2026-01-21,SKU013,12,Product 013,Kitchen
2026-01-22,SKU013,13,Product 013,Kitchen
2026-01-23,SKU013,13,Product 013,Kitchen
2026-01-24,SKU013,14,Product 013,Kitchen
2026-01-25,SKU013,14,Product 013,Kitchen
2026-01-26,SKU013,12,Product 013,Kitchen
2026-01-27,SKU013,13,Product 013,Kitchen
2026-01-28,SKU013,12,Product 013,Kitchen
2026-01-29,SKU013,13,Product 013,Kitchen
2026-01-30,SKU013,14,Product 013,Kitchen
2026-01-01,SKU014,17,Product 014,Lighting
2026-01-02,SKU014,17,Product 014,Lighting
2026-01-03,SKU014,19,Product 014,Lighting
2026-01-04,SKU014,19,Product 014,Lighting
2026-01-05,SKU014,17,Product 014,Lighting
2026-01-06,SKU014,17,Product 014,Lighting
2026-01-07,SKU014,17,Product 014,Lighting
2026-01-08,SKU014,17,Product 014,Lighting
2026-01-09,SKU014,17,Product 014,Lighting
2026-01-10,SKU014,19,Product 014,Lighting
2026-01-11,SKU014,19,Product 014,Lighting
2026-01-12,SKU014,16,Product 014,Lighting
2026-01-13,SKU014,16,Product 014,Lighting
2026-01-14,SKU014,16,Product 014,Lighting
2026-01-15,SKU014,16,Product 014,Lighting
2026-01-16,SKU014,16,Product 014,Lighting
2026-01-17,SKU014,18,Product 014,Lighting
2026-01-18,SKU014,18,Product 014,Lighting
2026-01-19,SKU014,16,Product 014,Lighting
2026-01-20,SKU014,16,Product 014,Lighting
2026-01-21,SKU014,16,Product 014,Lighting
2026-01-22,SKU014,16,Product 014,Lighting
2026-01-23,SKU014,16,Product 014,Lighting
2026-01-24,SKU014,17,Product 014,Lighting
2026-01-25,SKU014,17,Product 014,Lighting
2026-01-26,SKU014,15,Product 014,Lighting
2026-01-27,SKU014,16,Product 014,Lighting
2026-01-28,SKU014,16,Product 014,Lighting
2026-01-29,SKU014,16,Product 014,Lighting
2026-01-30,SKU014,16,Product 014,Lighting
2026-01-01,SKU015,6,Product 015,Storage
2026-01-02,SKU015,6,Product 015,Storage
2026-01-03,SKU015,5,Product 015,Storage
2026-01-04,SKU015,6,Product 015,Storage
2026-01-05,SKU015,6,Product 015,Storage
2026-01-06,SKU015,4,Product 015,Storage
2026-01-07,SKU015,4,Product 015,Storage
2026-01-08,SKU015,4,Product 015,Storage
2026-01-09,SKU015,4,Product 015,Storage
2026-01-10,SKU015,4,Product 015,Storage
2026-01-11,SKU015,5,Product 015,Storage
2026-01-12,SKU015,5,Product 015,Storage
2026-01-13,SKU015,4,Product 015,Storage
2026-01-14,SKU015,4,Product 015,Storage
2026-01-15,SKU015,4,Product 015,Storage
2026-01-16,SKU015,4,Product 015,Storage
2026-01-17,SKU015,5,Product 015,Storage
2026-01-18,SKU015,6,Product 015,Storage
2026-01-19,SKU015,5,Product 015,Storage
2026-01-20,SKU015,4,Product 015,Storage
2026-01-21,SKU015,4,Product 015,Storage
2026-01-22,SKU015,4,Product 015,Storage
2026-01-23,SKU015,4,Product 015,Storage
2026-01-24,SKU015,4,Product 015,Storage
2026-01-25,SKU015,5,Product 015,Storage
2026-01-26,SKU015,4,Product 015,Storage
2026-01-27,SKU015,4,Product 015,Storage
2026-01-28,SKU015,4,Product 015,Storage
2026-01-29,SKU015,4,Product 015,Storage
2026-01-30,SKU015,4,Product 015,Storage
2026-01-01,SKU016,12,Product 016,Furniture
2026-01-02,SKU016,13,Product 016,Furniture
2026-01-03,SKU016,14,Product 016,Furniture
2026-01-04,SKU016,14,Product 016,Furniture
2026-01-05,SKU016,12,Product 016,Furniture
2026-01-06,SKU016,12,Product 016,Furniture
2026-01-07,SKU016,12,Product 016,Furniture
2026-01-08,SKU016,12,Product 016,Furniture
2026-01-09,SKU016,13,Product 016,Furniture
2026-01-10,SKU016,14,Product 016,Furniture
2026-01-11,SKU016,14,Product 016,Furniture
2026-01-12,SKU016,13,Product 016,Furniture
2026-01-13,SKU016,13,Product 016,Furniture
2026-01-14,SKU016,13,Product 016,Furniture
2026-01-15,SKU016,14,Product 016,Furniture
2026-01-16,SKU016,13,Product 016,Furniture
2026-01-17,SKU016,15,Product 016,Furniture
2026-01-18,SKU016,16,Product 016,Furniture
2026-01-19,SKU016,15,Product 016,Furniture
2026-01-20,SKU016,14,Product 016,Furniture
2026-01-21,SKU016,14,Product 016,Furniture
2026-01-22,SKU016,13,Product 016,Furniture
2026-01-23,SKU016,13,Product 016,Furniture
2026-01-24,SKU016,15,Product 016,Furniture
2026-01-25,SKU016,16,Product 016,Furniture
2026-01-26,SKU016,13,Product 016,Furniture
2026-01-27,SKU016,14,Product 016,Furniture
2026-01-28,SKU016,13,Product 016,Furniture
2026-01-29,SKU016,14,Product 016,Furniture
2026-01-30,SKU016,13,Product 016,Furniture
2026-01-01,SKU017,13,Product 017,Home Decor
2026-01-02,SKU017,14,Product 017,Home Decor
2026-01-03,SKU017,14,Product 017,Home Decor
2026-01-04,SKU017,14,Product 017,Home Decor
2026-01-05,SKU017,15,Product 017,Home Decor
2026-01-06,SKU017,12,Product 017,Home Decor
2026-01-07,SKU017,12,Product 017,Home Decor
2026-01-08,SKU017,13,Product 017,Home Decor
2026-01-09,SKU017,14,Product 017,Home Decor
2026-01-10,SKU017,15,Product 017,Home Decor
2026-01-11,SKU017,14,Product 017,Home Decor
2026-01-12,SKU017,15,Product 017,Home Decor
2026-01-13,SKU017,13,Product 017,Home Decor
2026-01-14,SKU017,13,Product 017,Home Decor
2026-01-15,SKU017,13,Product 017,Home Decor
2026-01-16,SKU017,14,Product 017,Home Decor
2026-01-17,SKU017,16,Product 017,Home Decor
2026-01-18,SKU017,16,Product 017,Home Decor
2026-01-19,SKU017,14,Product 017,Home Decor
2026-01-20,SKU017,14,Product 017,Home Decor
2026-01-21,SKU017,13,Product 017,Home Decor
2026-01-22,SKU017,13,Product 017,Home Decor
2026-01-23,SKU017,13,Product 017,Home Decor
2026-01-24,SKU017,16,Product 017,Home Decor
2026-01-25,SKU017,16,Product 017,Home Decor
2026-01-26,SKU017,14,Product 017,Home Decor
2026-01-27,SKU017,13,Product 017,Home Decor
2026-01-28,SKU017,14,Product 017,Home Decor
2026-01-29,SKU017,13,Product 017,Home Decor
2026-01-30,SKU017,13,Product 017,Home Decor
2026-01-01,SKU018,22,Product 018,Kitchen
2026-01-02,SKU018,23,Product 018,Kitchen
2026-01-03,SKU018,27,Product 018,Kitchen
2026-01-04,SKU018,27,Product 018,Kitchen
2026-01-05,SKU018,22,Product 018,Kitchen
2026-01-06,SKU018,22,Product 018,Kitchen
2026-01-07,SKU018,23,Product 018,Kitchen
2026-01-08,SKU018,22,Product 018,Kitchen
2026-01-09,SKU018,23,Product 018,Kitchen
2026-01-10,SKU018,27,Product 018,Kitchen
2026-01-11,SKU018,27,Product 018,Kitchen
2026-01-12,SKU018,23,Product 018,Kitchen
2026-01-13,SKU018,23,Product 018,Kitchen
2026-01-14,SKU018,22,Product 018,Kitchen
2026-01-15,SKU018,22,Product 018,Kitchen
2026-01-16,SKU018,23,Product 018,Kitchen
2026-01-17,SKU018,27,Product 018,Kitchen
2026-01-18,SKU018,27,Product 018,Kitchen
2026-01-19,SKU018,23,Product 018,Kitchen
2026-01-20,SKU018,23,Product 018,Kitchen
2026-01-21,SKU018,23,Product 018,Kitchen
2026-01-22,SKU018,23,Product 018,Kitchen
2026-01-23,SKU018,23,Product 018,Kitchen
2026-01-24,SKU018,28,Product 018,Kitchen
2026-01-25,SKU018,27,Product 018,Kitchen
2026-01-26,SKU018,23,Product 018,Kitchen
2026-01-27,SKU018,24,Product 018,Kitchen
2026-01-28,SKU018,24,Product 018,Kitchen
2026-01-29,SKU018,24,Product 018,Kitchen
2026-01-30,SKU018,24,Product 018,Kitchen
2026-01-01,SKU019,15,Product 019,Lighting
2026-01-02,SKU019,15,Product 019,Lighting
2026-01-03,SKU019,17,Product 019,Lighting
2026-01-04,SKU019,17,Product 019,Lighting
2026-01-05,SKU019,14,Product 019,Lighting
2026-01-06,SKU019,15,Product 019,Lighting
2026-01-07,SKU019,16,Product 019,Lighting
2026-01-08,SKU019,16,Product 019,Lighting
2026-01-09,SKU019,16,Product 019,Lighting
2026-01-10,SKU019,17,Product 019,Lighting
2026-01-11,SKU019,17,Product 019,Lighting
2026-01-12,SKU019,15,Product 019,Lighting
2026-01-13,SKU019,16,Product 019,Lighting
2026-01-14,SKU019,16,Product 019,Lighting
2026-01-15,SKU019,16,Product 019,Lighting
2026-01-16,SKU019,16,Product 019,Lighting
2026-01-17,SKU019,17,Product 019,Lighting
2026-01-18,SKU019,17,Product 019,Lighting
2026-01-19,SKU019,15,Product 019,Lighting
2026-01-20,SKU019,16,Product 019,Lighting
2026-01-21,SKU019,16,Product 019,Lighting
2026-01-22,SKU019,16,Product 019,Lighting
2026-01-23,SKU019,16,Product 019,Lighting
2026-01-24,SKU019,17,Product 019,Lighting
2026-01-25,SKU019,17,Product 019,Lighting
2026-01-26,SKU019,15,Product 019,Lighting
2026-01-27,SKU019,15,Product 019,Lighting
2026-01-28,SKU019,16,Product 019,Lighting
2026-01-29,SKU019,16,Product 019,Lighting
2026-01-30,SKU019,16,Product 019,Lighting
2026-01-01,SKU020,12,Product 020,Storage
2026-01-02,SKU020,12,Product 020,Storage
2026-01-03,SKU020,14,Product 020,Storage
2026-01-04,SKU020,14,Product 020,Storage
2026-01-05,SKU020,12,Product 020,Storage
2026-01-06,SKU020,13,Product 020,Storage
2026-01-07,SKU020,12,Product 020,Storage
2026-01-08,SKU020,12,Product 020,Storage
2026-01-09,SKU020,12,Product 020,Storage
2026-01-10,SKU020,14,Product 020,Storage
2026-01-11,SKU020,14,Product 020,Storage
2026-01-12,SKU020,13,Product 020,Storage
2026-01-13,SKU020,13,Product 020,Storage
2026-01-14,SKU020,13,Product 020,Storage
2026-01-15,SKU020,13,Product 020,Storage
2026-01-16,SKU020,13,Product 020,Storage
2026-01-17,SKU020,16,Product 020,Storage
2026-01-18,SKU020,16,Product 020,Storage
2026-01-19,SKU020,14,Product 020,Storage
2026-01-20,SKU020,14,Product 020,Storage
2026-01-21,SKU020,12,Product 020,Storage
2026-01-22,SKU020,13,Product 020,Storage
2026-01-23,SKU020,13,Product 020,Storage
2026-01-24,SKU020,14,Product 020,Storage
2026-01-25,SKU020,14,Product 020,Storage
2026-01-26,SKU020,13,Product 020,Storage
2026-01-27,SKU020,12,Product 020,Storage
2026-01-28,SKU020,12,Product 020,Storage
2026-01-29,SKU020,13,Product 020,Storage
2026-01-30,SKU020,14,Product 020,Storage
2026-01-01,SKU021,9,Product 021,Furniture
2026-01-02,SKU021,8,Product 021,Furniture
2026-01-03,SKU021,9,Product 021,Furniture
2026-01-04,SKU021,8,Product 021,Furniture
2026-01-05,SKU021,8,Product 021,Furniture
2026-01-06,SKU021,8,Product 021,Furniture
2026-01-07,SKU021,9,Product 021,Furniture
2026-01-08,SKU021,8,Product 021,Furniture
2026-01-09,SKU021,8,Product 021,Furniture
2026-01-10,SKU021,8,Product 021,Furniture
2026-01-11,SKU021,9,Product 021,Furniture
2026-01-12,SKU021,8,Product 021,Furniture
2026-01-13,SKU021,8,Product 021,Furniture
2026-01-14,SKU021,8,Product 021,Furniture
2026-01-15,SKU021,8,Product 021,Furniture
2026-01-16,SKU021,8,Product 021,Furniture
2026-01-17,SKU021,8,Product 021,Furniture
2026-01-18,SKU021,9,Product 021,Furniture
2026-01-19,SKU021,9,Product 021,Furniture
2026-01-20,SKU021,9,Product 021,Furniture
2026-01-21,SKU021,9,Product 021,Furniture
2026-01-22,SKU021,8,Product 021,Furniture
2026-01-23,SKU021,9,Product 021,Furniture
2026-01-24,SKU021,9,Product 021,Furniture
2026-01-25,SKU021,10,Product 021,Furniture
2026-01-26,SKU021,9,Product 021,Furniture
2026-01-27,SKU021,9,Product 021,Furniture
2026-01-28,SKU021,8,Product 021,Furniture
2026-01-29,SKU021,9,Product 021,Furniture
2026-01-30,SKU021,9,Product 021,Furniture
2026-01-01,SKU022,11,Product 022,Home Decor
2026-01-02,SKU022,10,Product 022,Home Decor
2026-01-03,SKU022,11,Product 022,Home Decor
2026-01-04,SKU022,10,Product 022,Home Decor
2026-01-05,SKU022,9,Product 022,Home Decor
2026-01-06,SKU022,10,Product 022,Home Decor
2026-01-07,SKU022,10,Product 022,Home Decor
2026-01-08,SKU022,10,Product 022,Home Decor
2026-01-09,SKU022,10,Product 022,Home Decor
2026-01-10,SKU022,11,Product 022,Home Decor
2026-01-11,SKU022,11,Product 022,Home Decor
2026-01-12,SKU022,10,Product 022,Home Decor
2026-01-13,SKU022,10,Product 022,Home Decor
2026-01-14,SKU022,10,Product 022,Home Decor
2026-01-15,SKU022,10,Product 022,Home Decor
2026-01-16,SKU022,10,Product 022,Home Decor
2026-01-17,SKU022,10,Product 022,Home Decor
2026-01-18,SKU022,12,Product 022,Home Decor
2026-01-19,SKU022,10,Product 022,Home Decor
2026-01-20,SKU022,10,Product 022,Home Decor
2026-01-21,SKU022,11,Product 022,Home Decor
2026-01-22,SKU022,10,Product 022,Home Decor
2026-01-23,SKU022,10,Product 022,Home Decor
2026-01-24,SKU022,10,Product 022,Home Decor
2026-01-25,SKU022,11,Product 022,Home Decor
2026-01-26,SKU022,10,Product 022,Home Decor
2026-01-27,SKU022,10,Product 022,Home Decor
2026-01-28,SKU022,11,Product 022,Home Decor
2026-01-29,SKU022,10,Product 022,Home Decor
2026-01-30,SKU022,11,Product 022,Home Decor
2026-01-01,SKU023,15,Product 023,Kitchen
2026-01-02,SKU023,14,Product 023,Kitchen
2026-01-03,SKU023,17,Product 023,Kitchen
2026-01-04,SKU023,17,Product 023,Kitchen
2026-01-05,SKU023,14,Product 023,Kitchen
2026-01-06,SKU023,14,Product 023,Kitchen
2026-01-07,SKU023,15,Product 023,Kitchen
2026-01-08,SKU023,14,Product 023,Kitchen
2026-01-09,SKU023,15,Product 023,Kitchen
2026-01-10,SKU023,17,Product 023,Kitchen
2026-01-11,SKU023,18,Product 023,Kitchen
2026-01-12,SKU023,15,Product 023,Kitchen
2026-01-13,SKU023,15,Product 023,Kitchen
2026-01-14,SKU023,15,Product 023,Kitchen
2026-01-15,SKU023,15,Product 023,Kitchen
2026-01-16,SKU023,15,Product 023,Kitchen
2026-01-17,SKU023,18,Product 023,Kitchen
2026-01-18,SKU023,18,Product 023,Kitchen
2026-01-19,SKU023,14,Product 023,Kitchen
2026-01-20,SKU023,15,Product 023,Kitchen
2026-01-21,SKU023,15,Product 023,Kitchen
2026-01-22,SKU023,15,Product 023,Kitchen
2026-01-23,SKU023,15,Product 023,Kitchen
2026-01-24,SKU023,17,Product 023,Kitchen
2026-01-25,SKU023,18,Product 023,Kitchen
2026-01-26,SKU023,15,Product 023,Kitchen
2026-01-27,SKU023,15,Product 023,Kitchen
2026-01-28,SKU023,15,Product 023,Kitchen
2026-01-29,SKU023,16,Product 023,Kitchen
2026-01-30,SKU023,16,Product 023,Kitchen
2026-01-01,SKU024,12,Product 024,Lighting
2026-01-02,SKU024,11,Product 024,Lighting
2026-01-03,SKU024,13,Product 024,Lighting
2026-01-04,SKU024,12,Product 024,Lighting
2026-01-05,SKU024,12,Product 024,Lighting
2026-01-06,SKU024,11,Product 024,Lighting
2026-01-07,SKU024,11,Product 024,Lighting
2026-01-08,SKU024,11,Product 024,Lighting
2026-01-09,SKU024,11,Product 024,Lighting
2026-01-10,SKU024,13,Product 024,Lighting
2026-01-11,SKU024,12,Product 024,Lighting
2026-01-12,SKU024,11,Product 024,Lighting
2026-01-13,SKU024,11,Product 024,Lighting
2026-01-14,SKU024,12,Product 024,Lighting
2026-01-15,SKU024,12,Product 024,Lighting
2026-01-16,SKU024,11,Product 024,Lighting
2026-01-17,SKU024,13,Product 024,Lighting
2026-01-18,SKU024,12,Product 024,Lighting
2026-01-19,SKU024,11,Product 024,Lighting
2026-01-20,SKU024,11,Product 024,Lighting
2026-01-21,SKU024,11,Product 024,Lighting
2026-01-22,SKU024,11,Product 024,Lighting
2026-01-23,SKU024,11,Product 024,Lighting
2026-01-24,SKU024,12,Product 024,Lighting
2026-01-25,SKU024,12,Product 024,Lighting
2026-01-26,SKU024,12,Product 024,Lighting
2026-01-27,SKU024,11,Product 024,Lighting
2026-01-28,SKU024,12,Product 024,Lighting
2026-01-29,SKU024,10,Product 024,Lighting
2026-01-30,SKU024,11,Product 024,Lighting
2026-01-01,SKU025,3,Product 025,Storage
2026-01-02,SKU025,3,Product 025,Storage
2026-01-03,SKU025,3,Product 025,Storage
2026-01-04,SKU025,3,Product 025,Storage
2026-01-05,SKU025,3,Product 025,Storage
2026-01-06,SKU025,3,Product 025,Storage
2026-01-07,SKU025,3,Product 025,Storage
2026-01-08,SKU025,3,Product 025,Storage
2026-01-09,SKU025,3,Product 025,Storage
2026-01-10,SKU025,3,Product 025,Storage
2026-01-11,SKU025,3,Product 025,Storage
2026-01-12,SKU025,2,Product 025,Storage
2026-01-13,SKU025,3,Product 025,Storage
2026-01-14,SKU025,3,Product 025,Storage
2026-01-15,SKU025,3,Product 025,Storage
2026-01-16,SKU025,3,Product 025,Storage
2026-01-17,SKU025,4,Product 025,Storage
2026-01-18,SKU025,3,Product 025,Storage
2026-01-19,SKU025,2,Product 025,Storage
2026-01-20,SKU025,3,Product 025,Storage
2026-01-21,SKU025,3,Product 025,Storage
2026-01-22,SKU025,3,Product 025,Storage
2026-01-23,SKU025,3,Product 025,Storage
2026-01-24,SKU025,3,Product 025,Storage
2026-01-25,SKU025,3,Product 025,Storage
2026-01-26,SKU025,2,Product 025,Storage
2026-01-27,SKU025,3,Product 025,Storage
2026-01-28,SKU025,3,Product 025,Storage
2026-01-29,SKU025,3,Product 025,Storage
2026-01-30,SKU025,3,Product 025,Storage
2026-01-01,SKU026,20,Product 026,Furniture
2026-01-02,SKU026,21,Product 026,Furniture
2026-01-03,SKU026,24,Product 026,Furniture
2026-01-04,SKU026,22,Product 026,Furniture
2026-01-05,SKU026,21,Product 026,Furniture
2026-01-06,SKU026,21,Product 026,Furniture
2026-01-07,SKU026,22,Product 026,Furniture
2026-01-08,SKU026,21,Product 026,Furniture
2026-01-09,SKU026,20,Product 026,Furniture
2026-01-10,SKU026,24,Product 026,Furniture
2026-01-11,SKU026,23,Product 026,Furniture
2026-01-12,SKU026,21,Product 026,Furniture
2026-01-13,SKU026,21,Product 026,Furniture
2026-01-14,SKU026,21,Product 026,Furniture
2026-01-15,SKU026,20,Product 026,Furniture
2026-01-16,SKU026,20,Product 026,Furniture
2026-01-17,SKU026,23,Product 026,Furniture
2026-01-18,SKU026,23,Product 026,Furniture
2026-01-19,SKU026,20,Product 026,Furniture
2026-01-20,SKU026,20,Product 026,Furniture
2026-01-21,SKU026,20,Product 026,Furniture
2026-01-22,SKU026,20,Product 026,Furniture
2026-01-23,SKU026,20,Product 026,Furniture
2026-01-24,SKU026,23,Product 026,Furniture
2026-01-25,SKU026,27,Product 026,Furniture
2026-01-26,SKU026,22,Product 026,Furniture
2026-01-27,SKU026,22,Product 026,Furniture
2026-01-28,SKU026,21,Product 026,Furniture
2026-01-29,SKU026,21,Product 026,Furniture
2026-01-30,SKU026,21,Product 026,Furniture
2026-01-01,SKU027,24,Product 027,Home Decor
2026-01-02,SKU027,23,Product 027,Home Decor
2026-01-03,SKU027,27,Product 027,Home Decor
2026-01-04,SKU027,26,Product 027,Home Decor
2026-01-05,SKU027,23,Product 027,Home Decor
2026-01-06,SKU027,24,Product 027,Home Decor
2026-01-07,SKU027,24,Product 027,Home Decor
2026-01-08,SKU027,24,Product 027,Home Decor
2026-01-09,SKU027,24,Product 027,Home Decor
2026-01-10,SKU027,28,Product 027,Home Decor
2026-01-11,SKU027,27,Product 027,Home Decor
2026-01-12,SKU027,24,Product 027,Home Decor
2026-01-13,SKU027,24,Product 027,Home Decor
2026-01-14,SKU027,24,Product 027,Home Decor
2026-01-15,SKU027,24,Product 027,Home Decor
2026-01-16,SKU027,24,Product 027,Home Decor
2026-01-17,SKU027,28,Product 027,Home Decor
2026-01-18,SKU027,27,Product 027,Home Decor
2026-01-19,SKU027,23,Product 027,Home Decor
2026-01-20,SKU027,24,Product 027,Home Decor
2026-01-21,SKU027,24,Product 027,Home Decor
2026-01-22,SKU027,24,Product 027,Home Decor
2026-01-23,SKU027,24,Product 027,Home Decor
2026-01-24,SKU027,28,Product 027,Home Decor
2026-01-25,SKU027,28,Product 027,Home Decor
2026-01-26,SKU027,23,Product 027,Home Decor
2026-01-27,SKU027,23,Product 027,Home Decor
2026-01-28,SKU027,23,Product 027,Home Decor
2026-01-29,SKU027,23,Product 027,Home Decor
2026-01-30,SKU027,24,Product 027,Home Decor
2026-01-01,SKU028,4,Product 028,Kitchen
2026-01-02,SKU028,4,Product 028,Kitchen
2026-01-03,SKU028,4,Product 028,Kitchen
2026-01-04,SKU028,5,Product 028,Kitchen
2026-01-05,SKU028,5,Product 028,Kitchen
2026-01-06,SKU028,4,Product 028,Kitchen
2026-01-07,SKU028,5,Product 028,Kitchen
2026-01-08,SKU028,5,Product 028,Kitchen
2026-01-09,SKU028,5,Product 028,Kitchen
2026-01-10,SKU028,5,Product 028,Kitchen
2026-01-11,SKU028,5,Product 028,Kitchen
2026-01-12,SKU028,5,Product 028,Kitchen
2026-01-13,SKU028,5,Product 028,Kitchen
2026-01-14,SKU028,5,Product 028,Kitchen
2026-01-15,SKU028,5,Product 028,Kitchen
2026-01-16,SKU028,5,Product 028,Kitchen
2026-01-17,SKU028,5,Product 028,Kitchen
2026-01-18,SKU028,5,Product 028,Kitchen
2026-01-19,SKU028,5,Product 028,Kitchen
2026-01-20,SKU028,5,Product 028,Kitchen
2026-01-21,SKU028,5,Product 028,Kitchen
2026-01-22,SKU028,5,Product 028,Kitchen
2026-01-23,SKU028,5,Product 028,Kitchen
2026-01-24,SKU028,5,Product 028,Kitchen
2026-01-25,SKU028,5,Product 028,Kitchen
2026-01-26,SKU028,5,Product 028,Kitchen
2026-01-27,SKU028,5,Product 028,Kitchen
2026-01-28,SKU028,5,Product 028,Kitchen
2026-01-29,SKU028,5,Product 028,Kitchen
2026-01-30,SKU028,5,Product 028,Kitchen
2026-01-01,SKU029,15,Product 029,Lighting
2026-01-02,SKU029,15,Product 029,Lighting
2026-01-03,SKU029,17,Product 029,Lighting
2026-01-04,SKU029,18,Product 029,Lighting
2026-01-05,SKU029,14,Product 029,Lighting
2026-01-06,SKU029,14,Product 029,Lighting
2026-01-07,SKU029,15,Product 029,Lighting
2026-01-08,SKU029,15,Product 029,Lighting
2026-01-09,SKU029,16,Product 029,Lighting
2026-01-10,SKU029,18,Product 029,Lighting
2026-01-11,SKU029,18,Product 029,Lighting
2026-01-12,SKU029,15,Product 029,Lighting
2026-01-13,SKU029,15,Product 029,Lighting
2026-01-14,SKU029,15,Product 029,Lighting
2026-01-15,SKU029,16,Product 029,Lighting
2026-01-16,SKU029,16,Product 029,Lighting
2026-01-17,SKU029,18,Product 029,Lighting
2026-01-18,SKU029,18,Product 029,Lighting
2026-01-19,SKU029,15,Product 029,Lighting
2026-01-20,SKU029,15,Product 029,Lighting
2026-01-21,SKU029,15,Product 029,Lighting
2026-01-22,SKU029,16,Product 029,Lighting
2026-01-23,SKU029,16,Product 029,Lighting
2026-01-24,SKU029,18,Product 029,Lighting
2026-01-25,SKU029,18,Product 029,Lighting
2026-01-26,SKU029,15,Product 029,Lighting
2026-01-27,SKU029,15,Product 029,Lighting
2026-01-28,SKU029,15,Product 029,Lighting
2026-01-29,SKU029,16,Product 029,Lighting
2026-01-30,SKU029,16,Product 029,Lighting
2026-01-01,SKU030,5,Product 030,Storage
2026-01-02,SKU030,5,Product 030,Storage
2026-01-03,SKU030,5,Product 030,Storage
2026-01-04,SKU030,4,Product 030,Storage
2026-01-05,SKU030,4,Product 030,Storage
2026-01-06,SKU030,4,Product 030,Storage
2026-01-07,SKU030,5,Product 030,Storage
2026-01-08,SKU030,5,Product 030,Storage
2026-01-09,SKU030,5,Product 030,Storage
2026-01-10,SKU030,5,Product 030,Storage
2026-01-11,SKU030,5,Product 030,Storage
2026-01-12,SKU030,5,Product 030,Storage
2026-01-13,SKU030,4,Product 030,Storage
2026-01-14,SKU030,5,Product 030,Storage
2026-01-15,SKU030,5,Product 030,Storage
2026-01-16,SKU030,4,Product 030,Storage
2026-01-17,SKU030,4,Product 030,Storage
2026-01-18,SKU030,4,Product 030,Storage
2026-01-19,SKU030,4,Product 030,Storage
2026-01-20,SKU030,4,Product 030,Storage
2026-01-21,SKU030,4,Product 030,Storage
2026-01-22,SKU030,4,Product 030,Storage
2026-01-23,SKU030,4,Product 030,Storage
2026-01-24,SKU030,4,Product 030,Storage
2026-01-25,SKU030,4,Product 030,Storage
2026-01-26,SKU030,4,Product 030,Storage
2026-01-27,SKU030,4,Product 030,Storage
2026-01-28,SKU030,4,Product 030,Storage
2026-01-29,SKU030,4,Product 030,Storage
2026-01-30,SKU030,4,Product 030,Storage
2026-01-01,SKU031,16,Product 031,Furniture
2026-01-02,SKU031,16,Product 031,Furniture
2026-01-03,SKU031,17,Product 031,Furniture
2026-01-04,SKU031,18,Product 031,Furniture
2026-01-05,SKU031,17,Product 031,Furniture
2026-01-06,SKU031,17,Product 031,Furniture
2026-01-07,SKU031,17,Product 031,Furniture
2026-01-08,SKU031,17,Product 031,Furniture
2026-01-09,SKU031,18,Product 031,Furniture
2026-01-10,SKU031,20,Product 031,Furniture
2026-01-11,SKU031,20,Product 031,Furniture
2026-01-12,SKU031,18,Product 031,Furniture
2026-01-13,SKU031,18,Product 031,Furniture
2026-01-14,SKU031,18,Product 031,Furniture
2026-01-15,SKU031,18,Product 031,Furniture
2026-01-16,SKU031,18,Product 031,Furniture
2026-01-17,SKU031,19,Product 031,Furniture
2026-01-18,SKU031,19,Product 031,Furniture
2026-01-19,SKU031,18,Product 031,Furniture
2026-01-20,SKU031,18,Product 031,Furniture
2026-01-21,SKU031,18,Product 031,Furniture
2026-01-22,SKU031,17,Product 031,Furniture
2026-01-23,SKU031,18,Product 031,Furniture
2026-01-24,SKU031,20,Product 031,Furniture
2026-01-25,SKU031,20,Product 031,Furniture
2026-01-26,SKU031,18,Product 031,Furniture
2026-01-27,SKU031,18,Product 031,Furniture
2026-01-28,SKU031,18,Product 031,Furniture
2026-01-29,SKU031,17,Product 031,Furniture
2026-01-30,SKU031,17,Product 031,Furniture
2026-01-01,SKU032,8,Product 032,Home Decor
2026-01-02,SKU032,9,Product 032,Home Decor
2026-01-03,SKU032,10,Product 032,Home Decor
2026-01-04,SKU032,10,Product 032,Home Decor
2026-01-05,SKU032,9,Product 032,Home Decor
2026-01-06,SKU032,9,Product 032,Home Decor
2026-01-07,SKU032,9,Product 032,Home Decor
2026-01-08,SKU032,10,Product 032,Home Decor
2026-01-09,SKU032,10,Product 032,Home Decor
2026-01-10,SKU032,10,Product 032,Home Decor
2026-01-11,SKU032,10,Product 032,Home Decor
2026-01-12,SKU032,9,Product 032,Home Decor
2026-01-13,SKU032,10,Product 032,Home Decor
2026-01-14,SKU032,10,Product 032,Home Decor
2026-01-15,SKU032,10,Product 032,Home Decor
2026-01-16,SKU032,10,Product 032,Home Decor
2026-01-17,SKU032,11,Product 032,Home Decor
2026-01-18,SKU032,10,Product 032,Home Decor
2026-01-19,SKU032,9,Product 032,Home Decor
2026-01-20,SKU032,10,Product 032,Home Decor
2026-01-21,SKU032,10,Product 032,Home Decor
2026-01-22,SKU032,10,Product 032,Home Decor
2026-01-23,SKU032,11,Product 032,Home Decor
2026-01-24,SKU032,11,Product 032,Home Decor
2026-01-25,SKU032,11,Product 032,Home Decor
2026-01-26,SKU032,10,Product 032,Home Decor
2026-01-27,SKU032,10,Product 032,Home Decor
2026-01-28,SKU032,10,Product 032,Home Decor
2026-01-29,SKU032,10,Product 032,Home Decor
2026-01-30,SKU032,10,Product 032,Home Decor
2026-01-01,SKU033,16,Product 033,Kitchen
2026-01-02,SKU033,16,Product 033,Kitchen
2026-01-03,SKU033,18,Product 033,Kitchen
2026-01-04,SKU033,18,Product 033,Kitchen
2026-01-05,SKU033,16,Product 033,Kitchen
2026-01-06,SKU033,15,Product 033,Kitchen
2026-01-07,SKU033,16,Product 033,Kitchen
2026-01-08,SKU033,16,Product 033,Kitchen
2026-01-09,SKU033,16,Product 033,Kitchen
2026-01-10,SKU033,18,Product 033,Kitchen
2026-01-11,SKU033,18,Product 033,Kitchen
2026-01-12,SKU033,16,Product 033,Kitchen
2026-01-13,SKU033,16,Product 033,Kitchen
2026-01-14,SKU033,16,Product 033,Kitchen
2026-01-15,SKU033,16,Product 033,Kitchen
2026-01-16,SKU033,16,Product 033,Kitchen
2026-01-17,SKU033,18,Product 033,Kitchen
2026-01-18,SKU033,17,Product 033,Kitchen
2026-01-19,SKU033,16,Product 033,Kitchen
2026-01-20,SKU033,16,Product 033,Kitchen
2026-01-21,SKU033,16,Product 033,Kitchen
2026-01-22,SKU033,17,Product 033,Kitchen
2026-01-23,SKU033,17,Product 033,Kitchen
2026-01-24,SKU033,17,Product 033,Kitchen
2026-01-25,SKU033,17,Product 033,Kitchen
2026-01-26,SKU033,17,Product 033,Kitchen
2026-01-27,SKU033,17,Product 033,Kitchen
2026-01-28,SKU033,17,Product 033,Kitchen
2026-01-29,SKU033,17,Product 033,Kitchen
2026-01-30,SKU033,17,Product 033,Kitchen
2026-01-01,SKU034,17,Product 034,Lighting
2026-01-02,SKU034,17,Product 034,Lighting
2026-01-03,SKU034,18,Product 034,Lighting
2026-01-04,SKU034,18,Product 034,Lighting
2026-01-05,SKU034,17,Product 034,Lighting
2026-01-06,SKU034,17,Product 034,Lighting
2026-01-07,SKU034,17,Product 034,Lighting
2026-01-08,SKU034,17,Product 034,Lighting
2026-01-09,SKU034,17,Product 034,Lighting
2026-01-10,SKU034,18,Product 034,Lighting
2026-01-11,SKU034,18,Product 034,Lighting
2026-01-12,SKU034,17,Product 034,Lighting
2026-01-13,SKU034,17,Product 034,Lighting
2026-01-14,SKU034,17,Product 034,Lighting
2026-01-15,SKU034,17,Product 034,Lighting
2026-01-16,SKU034,17,Product 034,Lighting
2026-01-17,SKU034,18,Product 034,Lighting
2026-01-18,SKU034,18,Product 034,Lighting
2026-01-19,SKU034,17,Product 034,Lighting
2026-01-20,SKU034,17,Product 034,Lighting
2026-01-21,SKU034,17,Product 034,Lighting
2026-01-22,SKU034,17,Product 034,Lighting
2026-01-23,SKU034,17,Product 034,Lighting
2026-01-24,SKU034,19,Product 034,Lighting
2026-01-25,SKU034,18,Product 034,Lighting
2026-01-26,SKU034,17,Product 034,Lighting
2026-01-27,SKU034,17,Product 034,Lighting
2026-01-28,SKU034,17,Product 034,Lighting
2026-01-29,SKU034,17,Product 034,Lighting
2026-01-30,SKU034,17,Product 034,Lighting
2026-01-01,SKU035,18,Product 035,Storage
2026-01-02,SKU035,18,Product 035,Storage
2026-01-03,SKU035,23,Product 035,Storage
2026-01-04,SKU035,23,Product 035,Storage
2026-01-05,SKU035,19,Product 035,Storage
2026-01-06,SKU035,18,Product 035,Storage
2026-01-07,SKU035,19,Product 035,Storage
2026-01-08,SKU035,19,Product 035,Storage
2026-01-09,SKU035,20,Product 035,Storage
2026-01-10,SKU035,24,Product 035,Storage
2026-01-11,SKU035,23,Product 035,Storage
2026-01-12,SKU035,20,Product 035,Storage
2026-01-13,SKU035,20,Product 035,Storage
2026-01-14,SKU035,19,Product 035,Storage
2026-01-15,SKU035,20,Product 035,Storage
2026-01-16,SKU035,20,Product 035,Storage
2026-01-17,SKU035,21,Product 035,Storage
2026-01-18,SKU035,21,Product 035,Storage
2026-01-19,SKU035,20,Product 035,Storage
2026-01-20,SKU035,20,Product 035,Storage
2026-01-21,SKU035,21,Product 035,Storage
2026-01-22,SKU035,20,Product 035,Storage
2026-01-23,SKU035,20,Product 035,Storage
2026-01-24,SKU035,21,Product 035,Storage
2026-01-25,SKU035,22,Product 035,Storage
2026-01-26,SKU035,20,Product 035,Storage
2026-01-27,SKU035,22,Product 035,Storage
2026-01-28,SKU035,20,Product 035,Storage
2026-01-29,SKU035,21,Product 035,Storage
2026-01-30,SKU035,21,Product 035,Storage
2026-01-01,SKU036,4,Product 036,Furniture
2026-01-02,SKU036,4,Product 036,Furniture
2026-01-03,SKU036,5,Product 036,Furniture
2026-01-04,SKU036,4,Product 036,Furniture
2026-01-05,SKU036,4,Product 036,Furniture
2026-01-06,SKU036,4,Product 036,Furniture
2026-01-07,SKU036,4,Product 036,Furniture
2026-01-08,SKU036,4,Product 036,Furniture
2026-01-09,SKU036,4,Product 036,Furniture
2026-01-10,SKU036,5,Product 036,Furniture
2026-01-11,SKU036,4,Product 036,Furniture
2026-01-12,SKU036,4,Product 036,Furniture
2026-01-13,SKU036,5,Product 036,Furniture
2026-01-14,SKU036,5,Product 036,Furniture
2026-01-15,SKU036,5,Product 036,Furniture
2026-01-16,SKU036,5,Product 036,Furniture
2026-01-17,SKU036,5,Product 036,Furniture
2026-01-18,SKU036,5,Product 036,Furniture
2026-01-19,SKU036,5,Product 036,Furniture
2026-01-20,SKU036,4,Product 036,Furniture
2026-01-21,SKU036,4,Product 036,Furniture
2026-01-22,SKU036,5,Product 036,Furniture
2026-01-23,SKU036,5,Product 036,Furniture
2026-01-24,SKU036,5,Product 036,Furniture
2026-01-25,SKU036,5,Product 036,Furniture
2026-01-26,SKU036,4,Product 036,Furniture
2026-01-27,SKU036,4,Product 036,Furniture
2026-01-28,SKU036,4,Product 036,Furniture
2026-01-29,SKU036,5,Product 036,Furniture
2026-01-30,SKU036,5,Product 036,Furniture
2026-01-01,SKU037,20,Product 037,Home Decor
2026-01-02,SKU037,21,Product 037,Home Decor
2026-01-03,SKU037,23,Product 037,Home Decor
2026-01-04,SKU037,23,Product 037,Home Decor
2026-01-05,SKU037,20,Product 037,Home Decor
2026-01-06,SKU037,20,Product 037,Home Decor
2026-01-07,SKU037,20,Product 037,Home Decor
2026-01-08,SKU037,20,Product 037,Home Decor
2026-01-09,SKU037,20,Product 037,Home Decor
2026-01-10,SKU037,23,Product 037,Home Decor
2026-01-11,SKU037,26,Product 037,Home Decor
2026-01-12,SKU037,21,Product 037,Home Decor
2026-01-13,SKU037,21,Product 037,Home Decor
2026-01-14,SKU037,21,Product 037,Home Decor
2026-01-15,SKU037,21,Product 037,Home Decor
2026-01-16,SKU037,21,Product 037,Home Decor
2026-01-17,SKU037,24,Product 037,Home Decor
2026-01-18,SKU037,25,Product 037,Home Decor
2026-01-19,SKU037,21,Product 037,Home Decor
2026-01-20,SKU037,21,Product 037,Home Decor
2026-01-21,SKU037,21,Product 037,Home Decor
2026-01-22,SKU037,21,Product 037,Home Decor
2026-01-23,SKU037,21,Product 037,Home Decor
2026-01-24,SKU037,24,Product 037,Home Decor
2026-01-25,SKU037,26,Product 037,Home Decor
2026-01-26,SKU037,21,Product 037,Home Decor
2026-01-27,SKU037,21,Product 037,Home Decor
2026-01-28,SKU037,21,Product 037,Home Decor
2026-01-29,SKU037,21,Product 037,Home Decor
2026-01-30,SKU037,21,Product 037,Home Decor
2026-01-01,SKU038,7,Product 038,Kitchen
2026-01-02,SKU038,8,Product 038,Kitchen
2026-01-03,SKU038,8,Product 038,Kitchen
2026-01-04,SKU038,8,Product 038,Kitchen
2026-01-05,SKU038,8,Product 038,Kitchen
2026-01-06,SKU038,8,Product 038,Kitchen
2026-01-07,SKU038,8,Product 038,Kitchen
2026-01-08,SKU038,8,Product 038,Kitchen
2026-01-09,SKU038,8,Product 038,Kitchen
2026-01-10,SKU038,9,Product 038,Kitchen
2026-01-11,SKU038,8,Product 038,Kitchen
2026-01-12,SKU038,8,Product 038,Kitchen
2026-01-13,SKU038,9,Product 038,Kitchen
2026-01-14,SKU038,9,Product 038,Kitchen
2026-01-15,SKU038,9,Product 038,Kitchen
2026-01-16,SKU038,9,Product 038,Kitchen
2026-01-17,SKU038,10,Product 038,Kitchen
2026-01-18,SKU038,10,Product 038,Kitchen
2026-01-19,SKU038,9,Product 038,Kitchen
2026-01-20,SKU038,9,Product 038,Kitchen
2026-01-21,SKU038,9,Product 038,Kitchen
2026-01-22,SKU038,9,Product 038,Kitchen
2026-01-23,SKU038,9,Product 038,Kitchen
2026-01-24,SKU038,11,Product 038,Kitchen
2026-01-25,SKU038,11,Product 038,Kitchen
2026-01-26,SKU038,9,Product 038,Kitchen
2026-01-27,SKU038,9,Product 038,Kitchen
2026-01-28,SKU038,9,Product 038,Kitchen
2026-01-29,SKU038,9,Product 038,Kitchen
2026-01-30,SKU038,9,Product 038,Kitchen
2026-01-01,SKU039,4,Product 039,Lighting
2026-01-02,SKU039,3,Product 039,Lighting
2026-01-03,SKU039,3,Product 039,Lighting
2026-01-04,SKU039,3,Product 039,Lighting
2026-01-05,SKU039,3,Product 039,Lighting
2026-01-06,SKU039,3,Product 039,Lighting
2026-01-07,SKU039,4,Product 039,Lighting
2026-01-08,SKU039,3,Product 039,Lighting
2026-01-09,SKU039,3,Product 039,Lighting
2026-01-10,SKU039,4,Product 039,Lighting
2026-01-11,SKU039,3,Product 039,Lighting
2026-01-12,SKU039,3,Product 039,Lighting
2026-01-13,SKU039,3,Product 039,Lighting
2026-01-14,SKU039,3,Product 039,Lighting
2026-01-15,SKU039,3,Product 039,Lighting
2026-01-16,SKU039,4,Product 039,Lighting
2026-01-17,SKU039,4,Product 039,Lighting
2026-01-18,SKU039,4,Product 039,Lighting
2026-01-19,SKU039,5,Product 039,Lighting
2026-01-20,SKU039,4,Product 039,Lighting
2026-01-21,SKU039,4,Product 039,Lighting
2026-01-22,SKU039,5,Product 039,Lighting
2026-01-23,SKU039,5,Product 039,Lighting
2026-01-24,SKU039,5,Product 039,Lighting
2026-01-25,SKU039,5,Product 039,Lighting
2026-01-26,SKU039,5,Product 039,Lighting
2026-01-27,SKU039,5,Product 039,Lighting
2026-01-28,SKU039,5,Product 039,Lighting
2026-01-29,SKU039,4,Product 039,Lighting
2026-01-30,SKU039,4,Product 039,Lighting
2026-01-01,SKU040,13,Product 040,Storage
2026-01-02,SKU040,15,Product 040,Storage
2026-01-03,SKU040,16,Product 040,Storage
2026-01-04,SKU040,16,Product 040,Storage
2026-01-05,SKU040,15,Product 040,Storage
2026-01-06,SKU040,13,Product 040,Storage
2026-01-07,SKU040,13,Product 040,Storage
2026-01-08,SKU040,13,Product 040,Storage
2026-01-09,SKU040,14,Product 040,Storage
2026-01-10,SKU040,16,Product 040,Storage
2026-01-11,SKU040,16,Product 040,Storage
2026-01-12,SKU040,16,Product 040,Storage
2026-01-13,SKU040,13,Product 040,Storage
2026-01-14,SKU040,13,Product 040,Storage
2026-01-15,SKU040,14,Product 040,Storage
2026-01-16,SKU040,14,Product 040,Storage
2026-01-17,SKU040,16,Product 040,Storage
2026-01-18,SKU040,16,Product 040,Storage
2026-01-19,SKU040,14,Product 040,Storage
2026-01-20,SKU040,13,Product 040,Storage
2026-01-21,SKU040,14,Product 040,Storage
2026-01-22,SKU040,14,Product 040,Storage
2026-01-23,SKU040,13,Product 040,Storage
2026-01-24,SKU040,17,Product 040,Storage
2026-01-25,SKU040,16,Product 040,Storage
2026-01-26,SKU040,14,Product 040,Storage
2026-01-27,SKU040,13,Product 040,Storage
2026-01-28,SKU040,14,Product 040,Storage
2026-01-29,SKU040,14,Product 040,Storage
2026-01-30,SKU040,14,Product 040,Storage
2026-01-01,SKU041,10,Product 041,Furniture
2026-01-02,SKU041,9,Product 041,Furniture
2026-01-03,SKU041,12,Product 041,Furniture
2026-01-04,SKU041,12,Product 041,Furniture
2026-01-05,SKU041,10,Product 041,Furniture
2026-01-06,SKU041,10,Product 041,Furniture
2026-01-07,SKU041,10,Product 041,Furniture
2026-01-08,SKU041,9,Product 041,Furniture
2026-01-09,SKU041,10,Product 041,Furniture
2026-01-10,SKU041,11,Product 041,Furniture
2026-01-11,SKU041,11,Product 041,Furniture
2026-01-12,SKU041,9,Product 041,Furniture
2026-01-13,SKU041,9,Product 041,Furniture
2026-01-14,SKU041,9,Product 041,Furniture
2026-01-15,SKU041,9,Product 041,Furniture
2026-01-16,SKU041,9,Product 041,Furniture
2026-01-17,SKU041,12,Product 041,Furniture
2026-01-18,SKU041,13,Product 041,Furniture
2026-01-19,SKU041,9,Product 041,Furniture
2026-01-20,SKU041,10,Product 041,Furniture
2026-01-21,SKU041,9,Product 041,Furniture
2026-01-22,SKU041,9,Product 041,Furniture
2026-01-23,SKU041,9,Product 041,Furniture
2026-01-24,SKU041,11,Product 041,Furniture
2026-01-25,SKU041,11,Product 041,Furniture
2026-01-26,SKU041,10,Product 041,Furniture
2026-01-27,SKU041,9,Product 041,Furniture
2026-01-28,SKU041,9,Product 041,Furniture
2026-01-29,SKU041,9,Product 041,Furniture
2026-01-30,SKU041,9,Product 041,Furniture
2026-01-01,SKU042,21,Product 042,Home Decor
2026-01-02,SKU042,21,Product 042,Home Decor
2026-01-03,SKU042,23,Product 042,Home Decor
2026-01-04,SKU042,23,Product 042,Home Decor
2026-01-05,SKU042,21,Product 042,Home Decor
2026-01-06,SKU042,22,Product 042,Home Decor
2026-01-07,SKU042,21,Product 042,Home Decor
2026-01-08,SKU042,21,Product 042,Home Decor
2026-01-09,SKU042,21,Product 042,Home Decor
2026-01-10,SKU042,24,Product 042,Home Decor
2026-01-11,SKU042,25,Product 042,Home Decor
2026-01-12,SKU042,22,Product 042,Home Decor
2026-01-13,SKU042,22,Product 042,Home Decor
2026-01-14,SKU042,21,Product 042,Home Decor
2026-01-15,SKU042,22,Product 042,Home Decor
2026-01-16,SKU042,22,Product 042,Home Decor
2026-01-17,SKU042,26,Product 042,Home Decor
2026-01-18,SKU042,26,Product 042,Home Decor
2026-01-19,SKU042,21,Product 042,Home Decor
2026-01-20,SKU042,20,Product 042,Home Decor
2026-01-21,SKU042,20,Product 042,Home Decor
2026-01-22,SKU042,20,Product 042,Home Decor
2026-01-23,SKU042,21,Product 042,Home Decor
2026-01-24,SKU042,24,Product 042,Home Decor
2026-01-25,SKU042,25,Product 042,Home Decor
2026-01-26,SKU042,21,Product 042,Home Decor
2026-01-27,SKU042,21,Product 042,Home Decor
2026-01-28,SKU042,20,Product 042,Home Decor
2026-01-29,SKU042,20,Product 042,Home Decor
2026-01-30,SKU042,19,Product 042,Home Decor
2026-01-01,SKU043,23,Product 043,Kitchen
2026-01-02,SKU043,23,Product 043,Kitchen
2026-01-03,SKU043,21,Product 043,Kitchen
2026-01-04,SKU043,27,Product 043,Kitchen
2026-01-05,SKU043,22,Product 043,Kitchen
2026-01-06,SKU043,22,Product 043,Kitchen
2026-01-07,SKU043,23,Product 043,Kitchen
2026-01-08,SKU043,21,Product 043,Kitchen
2026-01-09,SKU043,21,Product 043,Kitchen
2026-01-10,SKU043,25,Product 043,Kitchen
2026-01-11,SKU043,24,Product 043,Kitchen
2026-01-12,SKU043,21,Product 043,Kitchen
2026-01-13,SKU043,22,Product 043,Kitchen
2026-01-14,SKU043,22,Product 043,Kitchen
2026-01-15,SKU043,22,Product 043,Kitchen
2026-01-16,SKU043,22,Product 043,Kitchen
2026-01-17,SKU043,24,Product 043,Kitchen
2026-01-18,SKU043,25,Product 043,Kitchen
2026-01-19,SKU043,21,Product 043,Kitchen
2026-01-20,SKU043,21,Product 043,Kitchen
2026-01-21,SKU043,22,Product 043,Kitchen
2026-01-22,SKU043,22,Product 043,Kitchen
2026-01-23,SKU043,22,Product 043,Kitchen
2026-01-24,SKU043,27,Product 043,Kitchen
2026-01-25,SKU043,26,Product 043,Kitchen
2026-01-26,SKU043,23,Product 043,Kitchen
2026-01-27,SKU043,23,Product 043,Kitchen
2026-01-28,SKU043,23,Product 043,Kitchen
2026-01-29,SKU043,23,Product 043,Kitchen
2026-01-30,SKU043,23,Product 043,Kitchen
2026-01-01,SKU044,9,Product 044,Lighting
2026-01-02,SKU044,9,Product 044,Lighting
2026-01-03,SKU044,11,Product 044,Lighting
2026-01-04,SKU044,10,Product 044,Lighting
2026-01-05,SKU044,9,Product 044,Lighting
2026-01-06,SKU044,10,Product 044,Lighting
2026-01-07,SKU044,9,Product 044,Lighting
2026-01-08,SKU044,10,Product 044,Lighting
2026-01-09,SKU044,10,Product 044,Lighting
2026-01-10,SKU044,10,Product 044,Lighting
2026-01-11,SKU044,11,Product 044,Lighting
2026-01-12,SKU044,9,Product 044,Lighting
2026-01-13,SKU044,10,Product 044,Lighting
2026-01-14,SKU044,10,Product 044,Lighting
2026-01-15,SKU044,10,Product 044,Lighting
2026-01-16,SKU044,10,Product 044,Lighting
2026-01-17,SKU044,11,Product 044,Lighting
2026-01-18,SKU044,11,Product 044,Lighting
2026-01-19,SKU044,9,Product 044,Lighting
2026-01-20,SKU044,10,Product 044,Lighting
2026-01-21,SKU044,10,Product 044,Lighting
2026-01-22,SKU044,10,Product 044,Lighting
2026-01-23,SKU044,10,Product 044,Lighting
2026-01-24,SKU044,10,Product 044,Lighting
2026-01-25,SKU044,11,Product 044,Lighting
2026-01-26,SKU044,10,Product 044,Lighting
2026-01-27,SKU044,10,Product 044,Lighting
2026-01-28,SKU044,10,Product 044,Lighting
2026-01-29,SKU044,10,Product 044,Lighting
2026-01-30,SKU044,10,Product 044,Lighting
2026-01-01,SKU045,22,Product 045,Storage
2026-01-02,SKU045,22,Product 045,Storage
2026-01-03,SKU045,27,Product 045,Storage
2026-01-04,SKU045,27,Product 045,Storage
2026-01-05,SKU045,22,Product 045,Storage
2026-01-06,SKU045,22,Product 045,Storage
2026-01-07,SKU045,22,Product 045,Storage
2026-01-08,SKU045,22,Product 045,Storage
2026-01-09,SKU045,22,Product 045,Storage
2026-01-10,SKU045,24,Product 045,Storage
2026-01-11,SKU045,26,Product 045,Storage
2026-01-12,SKU045,22,Product 045,Storage
2026-01-13,SKU045,22,Product 045,Storage
2026-01-14,SKU045,22,Product 045,Storage
2026-01-15,SKU045,21,Product 045,Storage
2026-01-16,SKU045,22,Product 045,Storage
2026-01-17,SKU045,27,Product 045,Storage
2026-01-18,SKU045,27,Product 045,Storage
2026-01-19,SKU045,23,Product 045,Storage
2026-01-20,SKU045,23,Product 045,Storage
2026-01-21,SKU045,24,Product 045,Storage
2026-01-22,SKU045,24,Product 045,Storage
2026-01-23,SKU045,24,Product 045,Storage
2026-01-24,SKU045,29,Product 045,Storage
2026-01-25,SKU045,28,Product 045,Storage
2026-01-26,SKU045,24,Product 045,Storage
2026-01-27,SKU045,24,Product 045,Storage
2026-01-28,SKU045,24,Product 045,Storage
2026-01-29,SKU045,24,Product 045,Storage
2026-01-30,SKU045,25,Product 045,Storage
2026-01-01,SKU046,9,Product 046,Furniture
2026-01-02,SKU046,9,Product 046,Furniture
2026-01-03,SKU046,10,Product 046,Furniture
2026-01-04,SKU046,10,Product 046,Furniture
2026-01-05,SKU046,8,Product 046,Furniture
2026-01-06,SKU046,9,Product 046,Furniture
2026-01-07,SKU046,8,Product 046,Furniture
2026-01-08,SKU046,9,Product 046,Furniture
2026-01-09,SKU046,9,Product 046,Furniture
2026-01-10,SKU046,11,Product 046,Furniture
2026-01-11,SKU046,10,Product 046,Furniture
2026-01-12,SKU046,9,Product 046,Furniture
2026-01-13,SKU046,9,Product 046,Furniture
2026-01-14,SKU046,9,Product 046,Furniture
2026-01-15,SKU046,9,Product 046,Furniture
2026-01-16,SKU046,10,Product 046,Furniture
2026-01-17,SKU046,9,Product 046,Furniture
2026-01-18,SKU046,10,Product 046,Furniture
2026-01-19,SKU046,10,Product 046,Furniture
2026-01-20,SKU046,10,Product 046,Furniture
2026-01-21,SKU046,10,Product 046,Furniture
2026-01-22,SKU046,10,Product 046,Furniture
2026-01-23,SKU046,9,Product 046,Furniture
2026-01-24,SKU046,10,Product 046,Furniture
2026-01-25,SKU046,10,Product 046,Furniture
2026-01-26,SKU046,9,Product 046,Furniture
2026-01-27,SKU046,10,Product 046,Furniture
2026-01-28,SKU046,9,Product 046,Furniture
2026-01-29,SKU046,9,Product 046,Furniture
2026-01-30,SKU046,9,Product 046,Furniture
2026-01-01,SKU047,13,Product 047,Home Decor
2026-01-02,SKU047,13,Product 047,Home Decor
2026-01-03,SKU047,16,Product 047,Home Decor
2026-01-04,SKU047,17,Product 047,Home Decor
2026-01-05,SKU047,14,Product 047,Home Decor
2026-01-06,SKU047,13,Product 047,Home Decor
2026-01-07,SKU047,12,Product 047,Home Decor
2026-01-08,SKU047,14,Product 047,Home Decor
2026-01-09,SKU047,13,Product 047,Home Decor
2026-01-10,SKU047,17,Product 047,Home Decor
2026-01-11,SKU047,16,Product 047,Home Decor
2026-01-12,SKU047,13,Product 047,Home Decor
2026-01-13,SKU047,14,Product 047,Home Decor
2026-01-14,SKU047,14,Product 047,Home Decor
2026-01-15,SKU047,13,Product 047,Home Decor
2026-01-16,SKU047,13,Product 047,Home Decor
2026-01-17,SKU047,17,Product 047,Home Decor
2026-01-18,SKU047,16,Product 047,Home Decor
2026-01-19,SKU047,13,Product 047,Home Decor
2026-01-20,SKU047,13,Product 047,Home Decor
2026-01-21,SKU047,13,Product 047,Home Decor
2026-01-22,SKU047,13,Product 047,Home Decor
2026-01-23,SKU047,13,Product 047,Home Decor
2026-01-24,SKU047,16,Product 047,Home Decor
2026-01-25,SKU047,16,Product 047,Home Decor
2026-01-26,SKU047,13,Product 047,Home Decor
2026-01-27,SKU047,13,Product 047,Home Decor
2026-01-28,SKU047,13,Product 047,Home Decor
2026-01-29,SKU047,13,Product 047,Home Decor
2026-01-30,SKU047,13,Product 047,Home Decor
2026-01-01,SKU048,8,Product 048,Kitchen
2026-01-02,SKU048,8,Product 048,Kitchen
2026-01-03,SKU048,9,Product 048,Kitchen
2026-01-04,SKU048,8,Product 048,Kitchen
2026-01-05,SKU048,8,Product 048,Kitchen
2026-01-06,SKU048,8,Product 048,Kitchen
2026-01-07,SKU048,8,Product 048,Kitchen
2026-01-08,SKU048,8,Product 048,Kitchen
2026-01-09,SKU048,8,Product 048,Kitchen
2026-01-10,SKU048,8,Product 048,Kitchen
2026-01-11,SKU048,9,Product 048,Kitchen
2026-01-12,SKU048,7,Product 048,Kitchen
2026-01-13,SKU048,8,Product 048,Kitchen
2026-01-14,SKU048,8,Product 048,Kitchen
2026-01-15,SKU048,8,Product 048,Kitchen
2026-01-16,SKU048,8,Product 048,Kitchen
2026-01-17,SKU048,8,Product 048,Kitchen
2026-01-18,SKU048,8,Product 048,Kitchen
2026-01-19,SKU048,8,Product 048,Kitchen
2026-01-20,SKU048,8,Product 048,Kitchen
2026-01-21,SKU048,8,Product 048,Kitchen
2026-01-22,SKU048,8,Product 048,Kitchen
2026-01-23,SKU048,7,Product 048,Kitchen
2026-01-24,SKU048,8,Product 048,Kitchen
2026-01-25,SKU048,8,Product 048,Kitchen
2026-01-26,SKU048,7,Product 048,Kitchen
2026-01-27,SKU048,8,Product 048,Kitchen
2026-01-28,SKU048,8,Product 048,Kitchen
2026-01-29,SKU048,8,Product 048,Kitchen
2026-01-30,SKU048,8,Product 048,Kitchen
2026-01-01,SKU049,23,Product 049,Lighting
2026-01-02,SKU049,24,Product 049,Lighting
2026-01-03,SKU049,29,Product 049,Lighting
2026-01-04,SKU049,28,Product 049,Lighting
2026-01-05,SKU049,23,Product 049,Lighting
2026-01-06,SKU049,23,Product 049,Lighting
2026-01-07,SKU049,24,Product 049,Lighting
2026-01-08,SKU049,24,Product 049,Lighting
2026-01-09,SKU049,24,Product 049,Lighting
2026-01-10,SKU049,29,Product 049,Lighting
2026-01-11,SKU049,30,Product 049,Lighting
2026-01-12,SKU049,23,Product 049,Lighting
2026-01-13,SKU049,23,Product 049,Lighting
2026-01-14,SKU049,23,Product 049,Lighting
2026-01-15,SKU049,24,Product 049,Lighting
2026-01-16,SKU049,24,Product 049,Lighting
2026-01-17,SKU049,31,Product 049,Lighting
2026-01-18,SKU049,30,Product 049,Lighting
2026-01-19,SKU049,24,Product 049,Lighting
2026-01-20,SKU049,24,Product 049,Lighting
2026-01-21,SKU049,23,Product 049,Lighting
2026-01-22,SKU049,24,Product 049,Lighting
2026-01-23,SKU049,24,Product 049,Lighting
2026-01-24,SKU049,30,Product 049,Lighting
2026-01-25,SKU049,29,Product 049,Lighting
2026-01-26,SKU049,23,Product 049,Lighting
2026-01-27,SKU049,23,Product 049,Lighting
2026-01-28,SKU049,23,Product 049,Lighting
2026-01-29,SKU049,23,Product 049,Lighting
2026-01-30,SKU049,24,Product 049,Lighting
2026-01-01,SKU050,6,Product 050,Storage
2026-01-02,SKU050,5,Product 050,Storage
2026-01-03,SKU050,6,Product 050,Storage
2026-01-04,SKU050,8,Product 050,Storage
2026-01-05,SKU050,5,Product 050,Storage
2026-01-06,SKU050,5,Product 050,Storage
2026-01-07,SKU050,5,Product 050,Storage
2026-01-08,SKU050,6,Product 050,Storage
2026-01-09,SKU050,6,Product 050,Storage
2026-01-10,SKU050,7,Product 050,Storage
2026-01-11,SKU050,8,Product 050,Storage
2026-01-12,SKU050,6,Product 050,Storage
2026-01-13,SKU050,6,Product 050,Storage
2026-01-14,SKU050,6,Product 050,Storage
2026-01-15,SKU050,7,Product 050,Storage
2026-01-16,SKU050,7,Product 050,Storage
2026-01-17,SKU050,8,Product 050,Storage
2026-01-18,SKU050,7,Product 050,Storage
2026-01-19,SKU050,8,Product 050,Storage
2026-01-20,SKU050,7,Product 050,Storage
2026-01-21,SKU050,7,Product 050,Storage
2026-01-22,SKU050,6,Product 050,Storage
2026-01-23,SKU050,7,Product 050,Storage
2026-01-24,SKU050,7,Product 050,Storage
2026-01-25,SKU050,7,Product 050,Storage
2026-01-26,SKU050,8,Product 050,Storage
2026-01-27,SKU050,7,Product 050,Storage
2026-01-28,SKU050,7,Product 050,Storage
2026-01-29,SKU050,7,Product 050,Storage
2026-01-30,SKU050,7,Product 050,Storage
